vendor_id,distance_bin,hour,dayofweek,minutes_per_mile
CMT,0–1mi,0,0,5.2951519499773445
CMT,0–1mi,0,1,5.525483918695111
CMT,0–1mi,0,2,5.526836082599772
CMT,0–1mi,0,3,5.902041552072496
CMT,0–1mi,0,4,6.0095683101252115
CMT,0–1mi,0,5,7.068552655121571
CMT,0–1mi,0,6,6.992174139138814
CMT,0–1mi,1,0,4.893984183076022
CMT,0–1mi,1,1,5.820015862063655
CMT,0–1mi,1,2,4.9716503892976025
CMT,0–1mi,1,3,5.71258205174644
CMT,0–1mi,1,4,6.334737700724074
CMT,0–1mi,1,5,6.2280892149690175
CMT,0–1mi,1,6,6.698689572451374
CMT,0–1mi,2,0,5.168602820856357
CMT,0–1mi,2,1,5.6851188794223395
CMT,0–1mi,2,2,5.744493768077444
CMT,0–1mi,2,3,7.225288556997169
CMT,0–1mi,2,4,5.743464430200121
CMT,0–1mi,2,5,5.7870848923272185
CMT,0–1mi,2,6,6.149268301349636
CMT,0–1mi,3,0,5.357300867347336
CMT,0–1mi,3,1,5.486120783570773
CMT,0–1mi,3,2,6.797194715537677
CMT,0–1mi,3,3,8.322292317194059
CMT,0–1mi,3,4,5.295025919721485
CMT,0–1mi,3,5,5.751111968027229
CMT,0–1mi,3,6,5.859724385049406
CMT,0–1mi,4,0,4.7790355807908105
CMT,0–1mi,4,1,4.961258563807344
CMT,0–1mi,4,2,5.304247786036061
CMT,0–1mi,4,3,4.95545295868603
CMT,0–1mi,4,4,5.400504431185898
CMT,0–1mi,4,5,5.268439703521527
CMT,0–1mi,4,6,5.901371255196882
CMT,0–1mi,5,0,4.412278949518782
CMT,0–1mi,5,1,5.089032144833076
CMT,0–1mi,5,2,5.033325389060743
CMT,0–1mi,5,3,3.9604179833557325
CMT,0–1mi,5,4,5.301181038652011
CMT,0–1mi,5,5,5.014147533473028
CMT,0–1mi,5,6,4.882454224456414
CMT,0–1mi,6,0,5.14491811304781
CMT,0–1mi,6,1,5.161670254790099
CMT,0–1mi,6,2,4.992347396608529
CMT,0–1mi,6,3,4.786528338021436
CMT,0–1mi,6,4,5.250459524056146
CMT,0–1mi,6,5,4.775912830379896
CMT,0–1mi,6,6,4.664285909861346
CMT,0–1mi,7,0,6.604589781318733
CMT,0–1mi,7,1,6.356457169387669
CMT,0–1mi,7,2,6.279553504127805
CMT,0–1mi,7,3,6.599547156113442
CMT,0–1mi,7,4,7.433709141577945
CMT,0–1mi,7,5,5.989457384027838
CMT,0–1mi,7,6,4.960996278790501
CMT,0–1mi,8,0,8.592968475806064
CMT,0–1mi,8,1,9.438955716710371
CMT,0–1mi,8,2,8.800049369257586
CMT,0–1mi,8,3,9.064448954597475
CMT,0–1mi,8,4,8.821201746783723
CMT,0–1mi,8,5,5.436941764580415
CMT,0–1mi,8,6,5.816487948019422
CMT,0–1mi,9,0,8.91842851356875
CMT,0–1mi,9,1,9.632169248775364
CMT,0–1mi,9,2,10.144900962752661
CMT,0–1mi,9,3,10.504261702038363
CMT,0–1mi,9,4,9.991262154115013
CMT,0–1mi,9,5,5.824519040699101
CMT,0–1mi,9,6,5.449214415873024
CMT,0–1mi,10,0,8.849784363766652
CMT,0–1mi,10,1,9.874647189826574
CMT,0–1mi,10,2,9.576385361874014
CMT,0–1mi,10,3,10.677437050622956
CMT,0–1mi,10,4,10.29602284684125
CMT,0–1mi,10,5,6.46422870825591
CMT,0–1mi,10,6,8.327790131192993
CMT,0–1mi,11,0,8.930159659762195
CMT,0–1mi,11,1,10.163138691902054
CMT,0–1mi,11,2,10.55745334164808
CMT,0–1mi,11,3,13.477909858983795
CMT,0–1mi,11,4,12.488093189933725
CMT,0–1mi,11,5,7.504388785943679
CMT,0–1mi,11,6,7.486434613548484
CMT,0–1mi,12,0,10.34447296358135
CMT,0–1mi,12,1,11.25352771597667
CMT,0–1mi,12,2,10.204691076157786
CMT,0–1mi,12,3,11.135265879964363
CMT,0–1mi,12,4,10.984607557053993
CMT,0–1mi,12,5,7.537834537439121
CMT,0–1mi,12,6,7.81754055226466
CMT,0–1mi,13,0,9.549378313012086
CMT,0–1mi,13,1,10.181728762768378
CMT,0–1mi,13,2,10.838927104417412
CMT,0–1mi,13,3,10.289000196987084
CMT,0–1mi,13,4,10.53718401716326
CMT,0–1mi,13,5,7.7434761346674
CMT,0–1mi,13,6,8.357521364882885
CMT,0–1mi,14,0,8.775298326429773
CMT,0–1mi,14,1,10.58920652265968
CMT,0–1mi,14,2,9.896353123780312
CMT,0–1mi,14,3,11.048806249653866
CMT,0–1mi,14,4,9.155419922780686
CMT,0–1mi,14,5,7.638481046854996
CMT,0–1mi,14,6,9.037190239434949
CMT,0–1mi,15,0,9.39282476677063
CMT,0–1mi,15,1,9.580164487967195
CMT,0–1mi,15,2,9.785226852392572
CMT,0–1mi,15,3,10.793133773627288
CMT,0–1mi,15,4,9.565651324634562
CMT,0–1mi,15,5,7.742324041731089
CMT,0–1mi,15,6,8.953792610548742
CMT,0–1mi,16,0,8.406776905848075
CMT,0–1mi,16,1,9.631550622741624
CMT,0–1mi,16,2,9.38257057904431
CMT,0–1mi,16,3,9.26953637111274
CMT,0–1mi,16,4,9.629789586415137
CMT,0–1mi,16,5,7.97463820518675
CMT,0–1mi,16,6,8.688720078540202
CMT,0–1mi,17,0,8.582061923916903
CMT,0–1mi,17,1,9.665141853002597
CMT,0–1mi,17,2,9.675785769164527
CMT,0–1mi,17,3,8.60459515375873
CMT,0–1mi,17,4,9.646266965205431
CMT,0–1mi,17,5,11.827394404972036
CMT,0–1mi,17,6,7.628718605646794
CMT,0–1mi,18,0,7.950582200026843
CMT,0–1mi,18,1,8.929650795135268
CMT,0–1mi,18,2,8.848197201785478
CMT,0–1mi,18,3,9.268211996098147
CMT,0–1mi,18,4,9.096411239822128
CMT,0–1mi,18,5,8.33020287019972
CMT,0–1mi,18,6,7.416758734698557
CMT,0–1mi,19,0,7.68488585353964
CMT,0–1mi,19,1,7.014605424585662
CMT,0–1mi,19,2,8.596761302403587
CMT,0–1mi,19,3,8.676549921068705
CMT,0–1mi,19,4,8.988589354789308
CMT,0–1mi,19,5,9.04649831163242
CMT,0–1mi,19,6,7.642009002725893
CMT,0–1mi,20,0,5.863801900302557
CMT,0–1mi,20,1,6.491158653758931
CMT,0–1mi,20,2,7.512652312655246
CMT,0–1mi,20,3,7.210152782995183
CMT,0–1mi,20,4,7.726259269585797
CMT,0–1mi,20,5,7.372575566301843
CMT,0–1mi,20,6,6.141208785822381
CMT,0–1mi,21,0,6.34783882584229
CMT,0–1mi,21,1,6.685493418268274
CMT,0–1mi,21,2,6.988903393293751
CMT,0–1mi,21,3,7.978425634465159
CMT,0–1mi,21,4,7.985375507271237
CMT,0–1mi,21,5,6.721015304087554
CMT,0–1mi,21,6,6.054963435552692
CMT,0–1mi,22,0,5.638243843374677
CMT,0–1mi,22,1,7.614635947869064
CMT,0–1mi,22,2,6.21431150545441
CMT,0–1mi,22,3,6.6355771629603755
CMT,0–1mi,22,4,6.775239569865713
CMT,0–1mi,22,5,7.1905685081985204
CMT,0–1mi,22,6,5.68791527579706
CMT,0–1mi,23,0,5.328505960401741
CMT,0–1mi,23,1,5.6941679714764595
CMT,0–1mi,23,2,5.774302489514494
CMT,0–1mi,23,3,6.104543823224115
CMT,0–1mi,23,4,7.274151118381269
CMT,0–1mi,23,5,7.976260305195931
CMT,0–1mi,23,6,6.068142170121541
CMT,1–3mi,0,0,3.968905358224477
CMT,1–3mi,0,1,4.2792219117907715
CMT,1–3mi,0,2,4.573652073973296
CMT,1–3mi,0,3,4.753706732374589
CMT,1–3mi,0,4,4.832197941796272
CMT,1–3mi,0,5,5.1961537971611325
CMT,1–3mi,0,6,5.3763357360617805
CMT,1–3mi,1,0,4.138096024739289
CMT,1–3mi,1,1,3.938109882797351
CMT,1–3mi,1,2,4.2708139091662405
CMT,1–3mi,1,3,4.366695196277058
CMT,1–3mi,1,4,4.336083108801578
CMT,1–3mi,1,5,5.2446049205883645
CMT,1–3mi,1,6,4.9325435415816985
CMT,1–3mi,2,0,4.468445491833917
CMT,1–3mi,2,1,3.7310370254517746
CMT,1–3mi,2,2,4.132637293632552
CMT,1–3mi,2,3,4.0292044614401386
CMT,1–3mi,2,4,4.176543744383632
CMT,1–3mi,2,5,4.442494585393188
CMT,1–3mi,2,6,4.669569894024057
CMT,1–3mi,3,0,3.871288579908926
CMT,1–3mi,3,1,3.955814834489565
CMT,1–3mi,3,2,4.21510312762446
CMT,1–3mi,3,3,3.831087190353848
CMT,1–3mi,3,4,4.139275868239864
CMT,1–3mi,3,5,4.620912041015648
CMT,1–3mi,3,6,4.410570389636177
CMT,1–3mi,4,0,3.7199871612917956
CMT,1–3mi,4,1,4.293286909120287
CMT,1–3mi,4,2,3.657443218890236
CMT,1–3mi,4,3,4.984604358789216
CMT,1–3mi,4,4,4.124404922191484
CMT,1–3mi,4,5,4.199370368521952
CMT,1–3mi,4,6,4.037830691828709
CMT,1–3mi,5,0,3.412363089229656
CMT,1–3mi,5,1,3.6686988094880304
CMT,1–3mi,5,2,3.6412835230596547
CMT,1–3mi,5,3,3.4327443386784084
CMT,1–3mi,5,4,3.7949520790402054
CMT,1–3mi,5,5,3.9532926902385817
CMT,1–3mi,5,6,3.7168577743866282
CMT,1–3mi,6,0,4.033328121048151
CMT,1–3mi,6,1,4.183951019410242
CMT,1–3mi,6,2,4.2468576493603285
CMT,1–3mi,6,3,3.943286607795957
CMT,1–3mi,6,4,4.142338036964616
CMT,1–3mi,6,5,3.847814149442861
CMT,1–3mi,6,6,3.7923940816753023
CMT,1–3mi,7,0,5.054182465288496
CMT,1–3mi,7,1,5.167917941971137
CMT,1–3mi,7,2,5.349743221521736
CMT,1–3mi,7,3,5.591956935172584
CMT,1–3mi,7,4,5.173853408645291
CMT,1–3mi,7,5,4.153525818179897
CMT,1–3mi,7,6,3.497069231429396
CMT,1–3mi,8,0,6.842428062932792
CMT,1–3mi,8,1,7.426832344310458
CMT,1–3mi,8,2,7.217896248692637
CMT,1–3mi,8,3,7.771284990806753
CMT,1–3mi,8,4,7.409395740674323
CMT,1–3mi,8,5,4.690737092088371
CMT,1–3mi,8,6,4.392563161356433
CMT,1–3mi,9,0,7.832640505009497
CMT,1–3mi,9,1,8.052549756167657
CMT,1–3mi,9,2,7.9781567151122506
CMT,1–3mi,9,3,8.662091176097194
CMT,1–3mi,9,4,8.16960726160912
CMT,1–3mi,9,5,5.072388695151519
CMT,1–3mi,9,6,4.989874893899513
CMT,1–3mi,10,0,7.447157208222279
CMT,1–3mi,10,1,8.178598687625648
CMT,1–3mi,10,2,7.747274295476898
CMT,1–3mi,10,3,8.277234367848248
CMT,1–3mi,10,4,7.762450086584872
CMT,1–3mi,10,5,5.555966542172027
CMT,1–3mi,10,6,5.021388155403256
CMT,1–3mi,11,0,7.365773650786422
CMT,1–3mi,11,1,8.328566663114582
CMT,1–3mi,11,2,8.761615330699268
CMT,1–3mi,11,3,8.415307520137072
CMT,1–3mi,11,4,7.9692226492561975
CMT,1–3mi,11,5,5.843150953770942
CMT,1–3mi,11,6,5.937414860341608
CMT,1–3mi,12,0,7.690979452384717
CMT,1–3mi,12,1,8.46636204350206
CMT,1–3mi,12,2,9.299433222214017
CMT,1–3mi,12,3,8.523081539366304
CMT,1–3mi,12,4,8.49655553104499
CMT,1–3mi,12,5,6.262740638813791
CMT,1–3mi,12,6,6.300832732188606
CMT,1–3mi,13,0,7.099163670886511
CMT,1–3mi,13,1,8.379532264137186
CMT,1–3mi,13,2,8.32172786957445
CMT,1–3mi,13,3,7.998690824458303
CMT,1–3mi,13,4,8.792841495786158
CMT,1–3mi,13,5,6.218510136466822
CMT,1–3mi,13,6,6.440087702692514
CMT,1–3mi,14,0,6.960977663071906
CMT,1–3mi,14,1,7.898261478445104
CMT,1–3mi,14,2,8.838524851450764
CMT,1–3mi,14,3,8.414619961141627
CMT,1–3mi,14,4,8.360721075576048
CMT,1–3mi,14,5,6.440205051629427
CMT,1–3mi,14,6,6.9205678289108405
CMT,1–3mi,15,0,6.809602544237963
CMT,1–3mi,15,1,7.979620375527157
CMT,1–3mi,15,2,8.362276905223471
CMT,1–3mi,15,3,8.605864054336353
CMT,1–3mi,15,4,8.06346210724044
CMT,1–3mi,15,5,6.444393853033512
CMT,1–3mi,15,6,7.132239649020495
CMT,1–3mi,16,0,6.835628122524792
CMT,1–3mi,16,1,7.658457207324304
CMT,1–3mi,16,2,7.344060288927111
CMT,1–3mi,16,3,7.801057120194625
CMT,1–3mi,16,4,7.437173690672174
CMT,1–3mi,16,5,6.109361597771114
CMT,1–3mi,16,6,7.0490273737214615
CMT,1–3mi,17,0,6.778124749359044
CMT,1–3mi,17,1,8.004619804113597
CMT,1–3mi,17,2,8.34446386666877
CMT,1–3mi,17,3,7.981057881439696
CMT,1–3mi,17,4,8.089968550365407
CMT,1–3mi,17,5,6.038145746030006
CMT,1–3mi,17,6,7.101962298501368
CMT,1–3mi,18,0,6.732966461125927
CMT,1–3mi,18,1,6.918555318065002
CMT,1–3mi,18,2,7.234134543429905
CMT,1–3mi,18,3,7.89147878239401
CMT,1–3mi,18,4,7.530216880598457
CMT,1–3mi,18,5,6.51968685100862
CMT,1–3mi,18,6,5.994930399661558
CMT,1–3mi,19,0,6.047508378803135
CMT,1–3mi,19,1,6.280057733357211
CMT,1–3mi,19,2,6.995321251299586
CMT,1–3mi,19,3,6.909422063475165
CMT,1–3mi,19,4,6.702735592568398
CMT,1–3mi,19,5,6.612021347085446
CMT,1–3mi,19,6,5.70124911552222
CMT,1–3mi,20,0,5.024370073111051
CMT,1–3mi,20,1,5.461318783475016
CMT,1–3mi,20,2,5.964550442652346
CMT,1–3mi,20,3,6.407533277402542
CMT,1–3mi,20,4,5.998059968080925
CMT,1–3mi,20,5,6.101386687668035
CMT,1–3mi,20,6,5.297300714009431
CMT,1–3mi,21,0,5.039189304547592
CMT,1–3mi,21,1,5.1129576678229745
CMT,1–3mi,21,2,5.504079325906713
CMT,1–3mi,21,3,6.156183754575798
CMT,1–3mi,21,4,5.711716633515491
CMT,1–3mi,21,5,5.801739290345856
CMT,1–3mi,21,6,4.7922899796781335
CMT,1–3mi,22,0,4.68529505064503
CMT,1–3mi,22,1,5.256860025186246
CMT,1–3mi,22,2,5.266562715921624
CMT,1–3mi,22,3,5.640364968514635
CMT,1–3mi,22,4,5.396303873419034
CMT,1–3mi,22,5,5.346770400996494
CMT,1–3mi,22,6,4.899574812895585
CMT,1–3mi,23,0,4.644515442012978
CMT,1–3mi,23,1,4.521987125517765
CMT,1–3mi,23,2,4.72150621390095
CMT,1–3mi,23,3,5.152217067350862
CMT,1–3mi,23,4,5.4676940234919575
CMT,1–3mi,23,5,5.654838880534043
CMT,1–3mi,23,6,4.472030422771644
CMT,3–6mi,0,0,3.3455296434751762
CMT,3–6mi,0,1,3.3810902214477765
CMT,3–6mi,0,2,4.074766891743304
CMT,3–6mi,0,3,4.133240745124091
CMT,3–6mi,0,4,3.8768016203148057
CMT,3–6mi,0,5,4.182480445264032
CMT,3–6mi,0,6,4.25891538944435
CMT,3–6mi,1,0,3.16068548739858
CMT,3–6mi,1,1,3.0886511563090835
CMT,3–6mi,1,2,3.467719601108493
CMT,3–6mi,1,3,3.314021533316767
CMT,3–6mi,1,4,3.4321759894793775
CMT,3–6mi,1,5,3.5827978258440125
CMT,3–6mi,1,6,3.9570689719435395
CMT,3–6mi,2,0,3.113887962768392
CMT,3–6mi,2,1,3.1418906671239206
CMT,3–6mi,2,2,3.0374146705933884
CMT,3–6mi,2,3,3.2117940014769353
CMT,3–6mi,2,4,3.176136230330345
CMT,3–6mi,2,5,3.4311590113705983
CMT,3–6mi,2,6,3.540098013714896
CMT,3–6mi,3,0,2.9201047336877286
CMT,3–6mi,3,1,2.953789882525053
CMT,3–6mi,3,2,3.0894022668697545
CMT,3–6mi,3,3,3.094059856434754
CMT,3–6mi,3,4,3.00869438729618
CMT,3–6mi,3,5,3.4169608048167834
CMT,3–6mi,3,6,3.380540483054058
CMT,3–6mi,4,0,2.7817497800648967
CMT,3–6mi,4,1,3.3739316310552243
CMT,3–6mi,4,2,3.4133100527377964
CMT,3–6mi,4,3,2.942179707697407
CMT,3–6mi,4,4,3.1582819325540505
CMT,3–6mi,4,5,3.2633750071369794
CMT,3–6mi,4,6,3.1255393812565893
CMT,3–6mi,5,0,2.857835967797495
CMT,3–6mi,5,1,3.1161078330881806
CMT,3–6mi,5,2,3.0120646031373504
CMT,3–6mi,5,3,3.0021756760621043
CMT,3–6mi,5,4,2.942388158229697
CMT,3–6mi,5,5,3.0689362188437714
CMT,3–6mi,5,6,3.0395349501774347
CMT,3–6mi,6,0,3.336275438902621
CMT,3–6mi,6,1,3.3343441600114634
CMT,3–6mi,6,2,3.5807948586021903
CMT,3–6mi,6,3,3.2708978811829064
CMT,3–6mi,6,4,3.344052818611086
CMT,3–6mi,6,5,3.014738856824266
CMT,3–6mi,6,6,2.8284705674383703
CMT,3–6mi,7,0,4.068885806849748
CMT,3–6mi,7,1,4.048845874004227
CMT,3–6mi,7,2,4.200056763093926
CMT,3–6mi,7,3,4.191646891269283
CMT,3–6mi,7,4,4.00714003334067
CMT,3–6mi,7,5,3.380347510489698
CMT,3–6mi,7,6,3.0549367433831462
CMT,3–6mi,8,0,5.100454205503017
CMT,3–6mi,8,1,5.174723786717366
CMT,3–6mi,8,2,5.30332619478189
CMT,3–6mi,8,3,5.606638471868915
CMT,3–6mi,8,4,5.226743143843931
CMT,3–6mi,8,5,3.9405424506942177
CMT,3–6mi,8,6,3.279451375102097
CMT,3–6mi,9,0,5.112297220475962
CMT,3–6mi,9,1,5.666332425572858
CMT,3–6mi,9,2,5.737266837233367
CMT,3–6mi,9,3,6.059162064171416
CMT,3–6mi,9,4,6.064046873785447
CMT,3–6mi,9,5,3.9941359969667816
CMT,3–6mi,9,6,3.6327732855965387
CMT,3–6mi,10,0,5.790180072952477
CMT,3–6mi,10,1,6.1700142397528435
CMT,3–6mi,10,2,5.702302563124616
CMT,3–6mi,10,3,5.862369676542663
CMT,3–6mi,10,4,5.703140448334925
CMT,3–6mi,10,5,4.004767137422336
CMT,3–6mi,10,6,3.879613735253207
CMT,3–6mi,11,0,5.451148660977652
CMT,3–6mi,11,1,6.024636058125643
CMT,3–6mi,11,2,6.53915285931583
CMT,3–6mi,11,3,6.030960152495354
CMT,3–6mi,11,4,6.033673366015394
CMT,3–6mi,11,5,4.715009827121114
CMT,3–6mi,11,6,4.709368898164754
CMT,3–6mi,12,0,5.094398518843975
CMT,3–6mi,12,1,5.882049498317201
CMT,3–6mi,12,2,6.354007515210479
CMT,3–6mi,12,3,6.1048801317978905
CMT,3–6mi,12,4,5.880176577293569
CMT,3–6mi,12,5,4.837996358143904
CMT,3–6mi,12,6,4.618407580118098
CMT,3–6mi,13,0,5.011094873846699
CMT,3–6mi,13,1,5.643220578733797
CMT,3–6mi,13,2,5.978473991025669
CMT,3–6mi,13,3,5.475690459469985
CMT,3–6mi,13,4,5.649794773914093
CMT,3–6mi,13,5,5.047606175192139
CMT,3–6mi,13,6,4.833829723168457
CMT,3–6mi,14,0,5.068803380348774
CMT,3–6mi,14,1,5.879999194705263
CMT,3–6mi,14,2,6.219382183046329
CMT,3–6mi,14,3,6.072941280780071
CMT,3–6mi,14,4,5.741643373138068
CMT,3–6mi,14,5,4.85217503875727
CMT,3–6mi,14,6,5.001161305646333
CMT,3–6mi,15,0,5.600040753686474
CMT,3–6mi,15,1,5.794951588338255
CMT,3–6mi,15,2,5.790782495729703
CMT,3–6mi,15,3,6.171935229966449
CMT,3–6mi,15,4,6.504035011015535
CMT,3–6mi,15,5,4.826037440489073
CMT,3–6mi,15,6,5.4250749850967495
CMT,3–6mi,16,0,5.302467692527483
CMT,3–6mi,16,1,6.020603816142207
CMT,3–6mi,16,2,5.757638545204054
CMT,3–6mi,16,3,5.9722051066421935
CMT,3–6mi,16,4,6.464276398074234
CMT,3–6mi,16,5,4.950883940647987
CMT,3–6mi,16,6,4.897877204206236
CMT,3–6mi,17,0,5.33946714859175
CMT,3–6mi,17,1,5.964036105144177
CMT,3–6mi,17,2,5.851611004392658
CMT,3–6mi,17,3,6.346854001893127
CMT,3–6mi,17,4,6.63223668250068
CMT,3–6mi,17,5,4.688387210744512
CMT,3–6mi,17,6,5.348544869033655
CMT,3–6mi,18,0,4.937083243645385
CMT,3–6mi,18,1,5.907857555969824
CMT,3–6mi,18,2,5.876662995558517
CMT,3–6mi,18,3,5.665693513766372
CMT,3–6mi,18,4,5.441949031986261
CMT,3–6mi,18,5,4.503851952504173
CMT,3–6mi,18,6,5.150032966531165
CMT,3–6mi,19,0,4.610002537522831
CMT,3–6mi,19,1,4.782233620867697
CMT,3–6mi,19,2,5.190538398151461
CMT,3–6mi,19,3,4.976345464845248
CMT,3–6mi,19,4,5.006364948982701
CMT,3–6mi,19,5,4.846534330631869
CMT,3–6mi,19,6,4.5785223267841575
CMT,3–6mi,20,0,4.174866451401958
CMT,3–6mi,20,1,4.432988788774035
CMT,3–6mi,20,2,4.593252371805739
CMT,3–6mi,20,3,4.8133869568636065
CMT,3–6mi,20,4,4.315757542024711
CMT,3–6mi,20,5,4.262612802673061
CMT,3–6mi,20,6,4.347835101428134
CMT,3–6mi,21,0,3.9084454139137343
CMT,3–6mi,21,1,4.095324717860821
CMT,3–6mi,21,2,4.157606720239444
CMT,3–6mi,21,3,4.7692724068416
CMT,3–6mi,21,4,4.617086590064169
CMT,3–6mi,21,5,4.044829383823218
CMT,3–6mi,21,6,4.068637698049639
CMT,3–6mi,22,0,3.709837207327125
CMT,3–6mi,22,1,3.897573060090215
CMT,3–6mi,22,2,4.246105677641552
CMT,3–6mi,22,3,4.4632471093459705
CMT,3–6mi,22,4,4.37140509477715
CMT,3–6mi,22,5,4.273648530079001
CMT,3–6mi,22,6,3.793694894620255
CMT,3–6mi,23,0,3.593315034125249
CMT,3–6mi,23,1,4.465328225346547
CMT,3–6mi,23,2,4.175245408740349
CMT,3–6mi,23,3,4.283010700109311
CMT,3–6mi,23,4,4.296544681349016
CMT,3–6mi,23,5,4.458950999660222
CMT,3–6mi,23,6,3.486734496601615
CMT,6–10mi,0,0,2.625478882416612
CMT,6–10mi,0,1,2.884485849370578
CMT,6–10mi,0,2,3.3148471769920254
CMT,6–10mi,0,3,3.1025353389446133
CMT,6–10mi,0,4,3.1898025711582276
CMT,6–10mi,0,5,3.1410098606659465
CMT,6–10mi,0,6,3.3872850063623434
CMT,6–10mi,1,0,2.7569486892918773
CMT,6–10mi,1,1,2.715202082980517
CMT,6–10mi,1,2,2.850596347234013
CMT,6–10mi,1,3,2.785265004625948
CMT,6–10mi,1,4,2.865474951422226
CMT,6–10mi,1,5,3.0355541641711468
CMT,6–10mi,1,6,3.1414337403709465
CMT,6–10mi,2,0,2.5464042714819084
CMT,6–10mi,2,1,2.5759596497005073
CMT,6–10mi,2,2,2.53345085756849
CMT,6–10mi,2,3,2.5485620569599576
CMT,6–10mi,2,4,2.7067447540800336
CMT,6–10mi,2,5,3.009514040016987
CMT,6–10mi,2,6,2.928538129402754
CMT,6–10mi,3,0,2.4844562424155345
CMT,6–10mi,3,1,2.6607703062424553
CMT,6–10mi,3,2,2.5580205304637738
CMT,6–10mi,3,3,2.6719411650919915
CMT,6–10mi,3,4,2.7984393924400726
CMT,6–10mi,3,5,2.7052231868569057
CMT,6–10mi,3,6,2.9349808236128814
CMT,6–10mi,4,0,2.2213838189701
CMT,6–10mi,4,1,2.3957236891596563
CMT,6–10mi,4,2,2.6332406165471944
CMT,6–10mi,4,3,2.3561429629129984
CMT,6–10mi,4,4,2.6402462260800035
CMT,6–10mi,4,5,2.6827270421776457
CMT,6–10mi,4,6,2.703458620196387
CMT,6–10mi,5,0,2.206147872662811
CMT,6–10mi,5,1,2.3037337944613885
CMT,6–10mi,5,2,2.0806133200904435
CMT,6–10mi,5,3,2.3664624197619504
CMT,6–10mi,5,4,2.5063482486140565
CMT,6–10mi,5,5,2.493167926961531
CMT,6–10mi,5,6,2.384752875880706
CMT,6–10mi,6,0,2.4229399555191047
CMT,6–10mi,6,1,2.4544681812895437
CMT,6–10mi,6,2,2.2147575647421
CMT,6–10mi,6,3,2.349632387285293
CMT,6–10mi,6,4,2.4628327898057516
CMT,6–10mi,6,5,2.361979700961226
CMT,6–10mi,6,6,2.2845715316839326
CMT,6–10mi,7,0,2.9226218556158154
CMT,6–10mi,7,1,2.979508569241527
CMT,6–10mi,7,2,2.9008349322998446
CMT,6–10mi,7,3,2.9020492015896338
CMT,6–10mi,7,4,3.0783080438867207
CMT,6–10mi,7,5,2.3509906957935303
CMT,6–10mi,7,6,2.224834853970579
CMT,6–10mi,8,0,3.8234188827455577
CMT,6–10mi,8,1,3.3547412627982554
CMT,6–10mi,8,2,3.673330924149472
CMT,6–10mi,8,3,3.5556828049012354
CMT,6–10mi,8,4,3.5906008605187645
CMT,6–10mi,8,5,2.5284968854375616
CMT,6–10mi,8,6,2.457376325500325
CMT,6–10mi,9,0,3.2942918240189165
CMT,6–10mi,9,1,3.5549436171070226
CMT,6–10mi,9,2,3.571072046768942
CMT,6–10mi,9,3,3.6230643097236377
CMT,6–10mi,9,4,3.484716901266387
CMT,6–10mi,9,5,2.5752134976513847
CMT,6–10mi,9,6,2.691076205137539
CMT,6–10mi,10,0,3.2248967828734214
CMT,6–10mi,10,1,3.6935175517363663
CMT,6–10mi,10,2,3.5333158771656077
CMT,6–10mi,10,3,3.5899526271111872
CMT,6–10mi,10,4,3.3578249015536543
CMT,6–10mi,10,5,2.9536809275443883
CMT,6–10mi,10,6,2.721088453631444
CMT,6–10mi,11,0,3.196890525545574
CMT,6–10mi,11,1,3.5096445526965776
CMT,6–10mi,11,2,3.6085183956798734
CMT,6–10mi,11,3,3.3963366176810523
CMT,6–10mi,11,4,3.2507463155610457
CMT,6–10mi,11,5,3.054692018272697
CMT,6–10mi,11,6,2.9373912693413775
CMT,6–10mi,12,0,3.60158324198009
CMT,6–10mi,12,1,3.848734045001618
CMT,6–10mi,12,2,3.9892437798115243
CMT,6–10mi,12,3,3.475270621852118
CMT,6–10mi,12,4,3.537256612113689
CMT,6–10mi,12,5,3.06074945819814
CMT,6–10mi,12,6,2.888324713119812
CMT,6–10mi,13,0,3.2346890149540575
CMT,6–10mi,13,1,3.501392087578509
CMT,6–10mi,13,2,3.665664288052521
CMT,6–10mi,13,3,3.358033724362702
CMT,6–10mi,13,4,3.9145763641449087
CMT,6–10mi,13,5,3.135595431446427
CMT,6–10mi,13,6,2.9258390492079753
CMT,6–10mi,14,0,3.2879229033094255
CMT,6–10mi,14,1,3.410212785842054
CMT,6–10mi,14,2,3.6024819434819473
CMT,6–10mi,14,3,4.0942866984151385
CMT,6–10mi,14,4,4.2299367808203225
CMT,6–10mi,14,5,3.472947341753616
CMT,6–10mi,14,6,3.3280068933766813
CMT,6–10mi,15,0,3.5350295335037
CMT,6–10mi,15,1,3.6299258202270037
CMT,6–10mi,15,2,3.8231028701915677
CMT,6–10mi,15,3,4.2340607315501035
CMT,6–10mi,15,4,4.3884204822568345
CMT,6–10mi,15,5,3.4313108924766267
CMT,6–10mi,15,6,3.6347820708426233
CMT,6–10mi,16,0,3.8392764848772636
CMT,6–10mi,16,1,4.15666824963691
CMT,6–10mi,16,2,4.277877781567586
CMT,6–10mi,16,3,4.306826665603221
CMT,6–10mi,16,4,4.61963633706026
CMT,6–10mi,16,5,3.2639028712703957
CMT,6–10mi,16,6,3.373955727763421
CMT,6–10mi,17,0,4.034702868905662
CMT,6–10mi,17,1,4.56817186026527
CMT,6–10mi,17,2,4.044753119168483
CMT,6–10mi,17,3,3.9625204108088155
CMT,6–10mi,17,4,4.142331194953518
CMT,6–10mi,17,5,3.2832480437588316
CMT,6–10mi,17,6,3.2549828105809806
CMT,6–10mi,18,0,3.412475122374932
CMT,6–10mi,18,1,3.6084036787909675
CMT,6–10mi,18,2,3.4678634653837634
CMT,6–10mi,18,3,3.6705423035313394
CMT,6–10mi,18,4,3.845576888012491
CMT,6–10mi,18,5,3.4575979061973667
CMT,6–10mi,18,6,3.116115816402039
CMT,6–10mi,19,0,3.056552470297643
CMT,6–10mi,19,1,3.3734660292618037
CMT,6–10mi,19,2,3.4375858654924083
CMT,6–10mi,19,3,3.700153243670646
CMT,6–10mi,19,4,3.3121335223460693
CMT,6–10mi,19,5,3.273482728359797
CMT,6–10mi,19,6,3.049713169343505
CMT,6–10mi,20,0,2.9211133498329134
CMT,6–10mi,20,1,2.961424099803827
CMT,6–10mi,20,2,3.0997722946733886
CMT,6–10mi,20,3,3.739348472829332
CMT,6–10mi,20,4,3.008121732619531
CMT,6–10mi,20,5,3.220105306951164
CMT,6–10mi,20,6,2.989844448402264
CMT,6–10mi,21,0,2.793321482043214
CMT,6–10mi,21,1,3.054196647351638
CMT,6–10mi,21,2,2.890882617563179
CMT,6–10mi,21,3,3.759966550926014
CMT,6–10mi,21,4,3.051091102597244
CMT,6–10mi,21,5,3.21755648627336
CMT,6–10mi,21,6,2.945826247441725
CMT,6–10mi,22,0,2.8319985319097754
CMT,6–10mi,22,1,3.0518748802119626
CMT,6–10mi,22,2,3.274414957560674
CMT,6–10mi,22,3,3.4970873734666794
CMT,6–10mi,22,4,3.5100541254992876
CMT,6–10mi,22,5,3.1549092761784756
CMT,6–10mi,22,6,2.7943468800556546
CMT,6–10mi,23,0,2.872707456986215
CMT,6–10mi,23,1,3.3975660978739706
CMT,6–10mi,23,2,3.649467699110504
CMT,6–10mi,23,3,3.507998690978371
CMT,6–10mi,23,4,3.173167442539133
CMT,6–10mi,23,5,3.648063525174669
CMT,6–10mi,23,6,2.70730158086258
CMT,10mi+,0,0,1.8364695557192086
CMT,10mi+,0,1,2.1275114995144517
CMT,10mi+,0,2,2.1280513958365126
CMT,10mi+,0,3,2.1478989605367182
CMT,10mi+,0,4,2.172839935670082
CMT,10mi+,0,5,2.526065685667675
CMT,10mi+,0,6,2.6054658769935304
CMT,10mi+,1,0,1.8837691767555529
CMT,10mi+,1,1,1.930811014442411
CMT,10mi+,1,2,1.9633967054826287
CMT,10mi+,1,3,2.1625043649885036
CMT,10mi+,1,4,2.031037570354115
CMT,10mi+,1,5,2.2731662882453194
CMT,10mi+,1,6,2.328345560092061
CMT,10mi+,2,0,1.9244929903556314
CMT,10mi+,2,1,1.8901548232892802
CMT,10mi+,2,2,1.942312006815865
CMT,10mi+,2,3,1.9620361310806207
CMT,10mi+,2,4,1.9416019904641735
CMT,10mi+,2,5,2.306067625757932
CMT,10mi+,2,6,2.026882171475229
CMT,10mi+,3,0,1.8146049228940189
CMT,10mi+,3,1,1.9433857631883338
CMT,10mi+,3,2,1.8750983089305413
CMT,10mi+,3,3,2.069004600753707
CMT,10mi+,3,4,1.9130798188460365
CMT,10mi+,3,5,2.0757200268889
CMT,10mi+,3,6,2.107818732035114
CMT,10mi+,4,0,1.8888995793449221
CMT,10mi+,4,1,1.8943427464523883
CMT,10mi+,4,2,1.9670679426039523
CMT,10mi+,4,3,1.906719624173939
CMT,10mi+,4,4,1.9322870924582891
CMT,10mi+,4,5,1.993903613443583
CMT,10mi+,4,6,2.000987455449195
CMT,10mi+,5,0,1.7539003094362131
CMT,10mi+,5,1,1.6970921261399528
CMT,10mi+,5,2,1.6649267722190482
CMT,10mi+,5,3,1.7126655272978
CMT,10mi+,5,4,1.7959461872184987
CMT,10mi+,5,5,1.7369908508325473
CMT,10mi+,5,6,1.6621425158165013
CMT,10mi+,6,0,2.090437925887915
CMT,10mi+,6,1,2.2582466739926157
CMT,10mi+,6,2,2.0779358063929334
CMT,10mi+,6,3,2.0237405782719344
CMT,10mi+,6,4,2.0751711954058174
CMT,10mi+,6,5,1.7468720015941295
CMT,10mi+,6,6,1.573605270068517
CMT,10mi+,7,0,2.832258422094777
CMT,10mi+,7,1,2.728316838129854
CMT,10mi+,7,2,2.7647403472811503
CMT,10mi+,7,3,2.5379445611981453
CMT,10mi+,7,4,2.7241137515721294
CMT,10mi+,7,5,1.8131472504161905
CMT,10mi+,7,6,1.6647107073211622
CMT,10mi+,8,0,3.3095924747372223
CMT,10mi+,8,1,3.085815716915851
CMT,10mi+,8,2,2.917895262817586
CMT,10mi+,8,3,2.937196654595843
CMT,10mi+,8,4,2.7897643307251996
CMT,10mi+,8,5,1.948681132373596
CMT,10mi+,8,6,1.8119602407363042
CMT,10mi+,9,0,3.0461847500260673
CMT,10mi+,9,1,2.8614216957283585
CMT,10mi+,9,2,2.806200457315903
CMT,10mi+,9,3,2.8551277820735894
CMT,10mi+,9,4,2.828347465472615
CMT,10mi+,9,5,1.9709274208437948
CMT,10mi+,9,6,1.8570257384944926
CMT,10mi+,10,0,2.6988495834232205
CMT,10mi+,10,1,2.7050450536926145
CMT,10mi+,10,2,2.890620058880231
CMT,10mi+,10,3,2.8058282361450924
CMT,10mi+,10,4,2.694793773228673
CMT,10mi+,10,5,2.248399526393331
CMT,10mi+,10,6,2.1713302138043513
CMT,10mi+,11,0,2.701964543741624
CMT,10mi+,11,1,2.7938269704577725
CMT,10mi+,11,2,2.792257418081767
CMT,10mi+,11,3,2.6848748785517507
CMT,10mi+,11,4,2.511852931574117
CMT,10mi+,11,5,2.3103909959307978
CMT,10mi+,11,6,2.2432713966688747
CMT,10mi+,12,0,2.6653086670952635
CMT,10mi+,12,1,2.678333389998257
CMT,10mi+,12,2,2.970731432451749
CMT,10mi+,12,3,2.715118304848515
CMT,10mi+,12,4,2.8208853778581577
CMT,10mi+,12,5,2.4075707076687443
CMT,10mi+,12,6,2.33667310068683
CMT,10mi+,13,0,2.8201345472875423
CMT,10mi+,13,1,2.7103005505756963
CMT,10mi+,13,2,3.01002166778824
CMT,10mi+,13,3,2.812325842310041
CMT,10mi+,13,4,3.171394324921043
CMT,10mi+,13,5,2.620724567412698
CMT,10mi+,13,6,2.512101037461722
CMT,10mi+,14,0,2.9807615208113316
CMT,10mi+,14,1,2.8711821622492657
CMT,10mi+,14,2,3.0905154208545342
CMT,10mi+,14,3,3.18897437890498
CMT,10mi+,14,4,3.4180415234725405
CMT,10mi+,14,5,2.646216272199953
CMT,10mi+,14,6,2.8611957235096743
CMT,10mi+,15,0,3.29902335624916
CMT,10mi+,15,1,3.2828373594399167
CMT,10mi+,15,2,3.541435521004531
CMT,10mi+,15,3,3.332755579556932
CMT,10mi+,15,4,3.660088298719423
CMT,10mi+,15,5,2.7106153001640143
CMT,10mi+,15,6,2.9746428062358192
CMT,10mi+,16,0,3.2637829040504127
CMT,10mi+,16,1,3.588333037063396
CMT,10mi+,16,2,3.4377845796299713
CMT,10mi+,16,3,3.4585317221126473
CMT,10mi+,16,4,3.585772309921715
CMT,10mi+,16,5,2.686893598448123
CMT,10mi+,16,6,3.0728839827805556
CMT,10mi+,17,0,2.9622009367359774
CMT,10mi+,17,1,3.510265599462044
CMT,10mi+,17,2,3.623564124915856
CMT,10mi+,17,3,3.2600616768085477
CMT,10mi+,17,4,3.526375941408058
CMT,10mi+,17,5,2.676305791299876
CMT,10mi+,17,6,2.6925489211099545
CMT,10mi+,18,0,2.6262899562500235
CMT,10mi+,18,1,3.1128154918302773
CMT,10mi+,18,2,2.955944994589962
CMT,10mi+,18,3,3.0294547262314557
CMT,10mi+,18,4,2.972552326457057
CMT,10mi+,18,5,2.756136814322624
CMT,10mi+,18,6,2.5193826160966344
CMT,10mi+,19,0,2.265464125267419
CMT,10mi+,19,1,2.243156845555309
CMT,10mi+,19,2,2.5030538236598985
CMT,10mi+,19,3,2.5051210215748
CMT,10mi+,19,4,2.613745502873254
CMT,10mi+,19,5,2.582463766676551
CMT,10mi+,19,6,2.3595359612123787
CMT,10mi+,20,0,1.980235366214693
CMT,10mi+,20,1,2.160252593736605
CMT,10mi+,20,2,2.2042153306166536
CMT,10mi+,20,3,2.380199281243194
CMT,10mi+,20,4,2.3822445951891837
CMT,10mi+,20,5,2.1553240766792023
CMT,10mi+,20,6,2.4068671616537514
CMT,10mi+,21,0,1.9283283043494777
CMT,10mi+,21,1,2.2076033078923274
CMT,10mi+,21,2,2.1487025458860987
CMT,10mi+,21,3,2.465351645176269
CMT,10mi+,21,4,2.3184214334737288
CMT,10mi+,21,5,2.2632149889494984
CMT,10mi+,21,6,2.313363961548366
CMT,10mi+,22,0,2.0578555275252755
CMT,10mi+,22,1,2.149254930099305
CMT,10mi+,22,2,2.3343064436512786
CMT,10mi+,22,3,2.3667421514353255
CMT,10mi+,22,4,2.2517123446568976
CMT,10mi+,22,5,2.4445719227967273
CMT,10mi+,22,6,2.1837202859207334
CMT,10mi+,23,0,2.0652662677269777
CMT,10mi+,23,1,2.392454251201571
CMT,10mi+,23,2,2.4741879157873927
CMT,10mi+,23,3,2.4721647062223107
CMT,10mi+,23,4,2.414131261295011
CMT,10mi+,23,5,2.327007235255089
CMT,10mi+,23,6,2.0894132887225085
VTS,0–1mi,0,0,6.801446079181163
VTS,0–1mi,0,1,6.849134244383053
VTS,0–1mi,0,2,7.482270349445826
VTS,0–1mi,0,3,8.00493174618718
VTS,0–1mi,0,4,10.021140330174354
VTS,0–1mi,0,5,9.933053801603558
VTS,0–1mi,0,6,9.63921812910175
VTS,0–1mi,1,0,6.669545617076696
VTS,0–1mi,1,1,6.623126720519046
VTS,0–1mi,1,2,7.346310904681492
VTS,0–1mi,1,3,8.59021489922515
VTS,0–1mi,1,4,7.221423309419365
VTS,0–1mi,1,5,8.771685612481157
VTS,0–1mi,1,6,9.675920762743939
VTS,0–1mi,2,0,7.034409191604593
VTS,0–1mi,2,1,6.544810035168349
VTS,0–1mi,2,2,6.489097765399511
VTS,0–1mi,2,3,7.919111988320241
VTS,0–1mi,2,4,7.82473751094888
VTS,0–1mi,2,5,8.112648902645494
VTS,0–1mi,2,6,7.857228065563981
VTS,0–1mi,3,0,6.298584487618653
VTS,0–1mi,3,1,6.359317966336889
VTS,0–1mi,3,2,7.644080575541149
VTS,0–1mi,3,3,23.302233724625026
VTS,0–1mi,3,4,7.728401447323959
VTS,0–1mi,3,5,7.616954466967343
VTS,0–1mi,3,6,7.8790833821616335
VTS,0–1mi,4,0,6.620502840604206
VTS,0–1mi,4,1,6.285446723880638
VTS,0–1mi,4,2,6.3388884520158175
VTS,0–1mi,4,3,5.886770255002047
VTS,0–1mi,4,4,6.907869433689672
VTS,0–1mi,4,5,7.900704770305111
VTS,0–1mi,4,6,8.305379670594954
VTS,0–1mi,5,0,5.160170070356818
VTS,0–1mi,5,1,5.17207096255367
VTS,0–1mi,5,2,5.192865617954466
VTS,0–1mi,5,3,5.32445472975944
VTS,0–1mi,5,4,5.3721486539566605
VTS,0–1mi,5,5,6.440452307176125
VTS,0–1mi,5,6,6.053310565475414
VTS,0–1mi,6,0,6.054433239332413
VTS,0–1mi,6,1,6.197932007970045
VTS,0–1mi,6,2,5.763815071988916
VTS,0–1mi,6,3,5.830525298170164
VTS,0–1mi,6,4,5.963861803948783
VTS,0–1mi,6,5,5.695372100118963
VTS,0–1mi,6,6,5.484880958330827
VTS,0–1mi,7,0,11.533470640837528
VTS,0–1mi,7,1,8.059360921477053
VTS,0–1mi,7,2,7.435336872752058
VTS,0–1mi,7,3,7.946358580856067
VTS,0–1mi,7,4,8.354139032186533
VTS,0–1mi,7,5,5.810724870720199
VTS,0–1mi,7,6,5.255830700756465
VTS,0–1mi,8,0,11.065251485009748
VTS,0–1mi,8,1,11.378466973667573
VTS,0–1mi,8,2,10.109929626711958
VTS,0–1mi,8,3,10.44332640976592
VTS,0–1mi,8,4,10.057444465749933
VTS,0–1mi,8,5,6.474114747876831
VTS,0–1mi,8,6,6.160613108630649
VTS,0–1mi,9,0,13.362152683210383
VTS,0–1mi,9,1,13.135571534850465
VTS,0–1mi,9,2,11.506850159288023
VTS,0–1mi,9,3,12.532692873635364
VTS,0–1mi,9,4,11.776778965648456
VTS,0–1mi,9,5,7.465580891657878
VTS,0–1mi,9,6,6.69491592217334
VTS,0–1mi,10,0,9.918964106972442
VTS,0–1mi,10,1,11.113356607962091
VTS,0–1mi,10,2,11.460480298166233
VTS,0–1mi,10,3,12.306832411782326
VTS,0–1mi,10,4,11.029416632220327
VTS,0–1mi,10,5,7.606942927600841
VTS,0–1mi,10,6,10.801107752867214
VTS,0–1mi,11,0,159.95756201466997
VTS,0–1mi,11,1,12.728666385819757
VTS,0–1mi,11,2,14.80999191586001
VTS,0–1mi,11,3,13.074616503475825
VTS,0–1mi,11,4,11.328541711085164
VTS,0–1mi,11,5,9.047141872792762
VTS,0–1mi,11,6,7.814891838028406
VTS,0–1mi,12,0,12.495923309385596
VTS,0–1mi,12,1,13.512700789556574
VTS,0–1mi,12,2,12.833998019262733
VTS,0–1mi,12,3,12.381310347345757
VTS,0–1mi,12,4,11.805402291235138
VTS,0–1mi,12,5,9.401579145279902
VTS,0–1mi,12,6,8.871441421167997
VTS,0–1mi,13,0,10.936210575034703
VTS,0–1mi,13,1,12.25625448858898
VTS,0–1mi,13,2,12.681381968638226
VTS,0–1mi,13,3,11.923645572809678
VTS,0–1mi,13,4,11.574463354055945
VTS,0–1mi,13,5,11.168734296964097
VTS,0–1mi,13,6,9.168308088654195
VTS,0–1mi,14,0,10.668291318350624
VTS,0–1mi,14,1,11.96186330917927
VTS,0–1mi,14,2,12.271886381716406
VTS,0–1mi,14,3,11.85806604559925
VTS,0–1mi,14,4,12.209563443498602
VTS,0–1mi,14,5,10.013546538148253
VTS,0–1mi,14,6,10.916219435329422
VTS,0–1mi,15,0,10.221877189555018
VTS,0–1mi,15,1,11.280364159783609
VTS,0–1mi,15,2,11.722387847216076
VTS,0–1mi,15,3,11.776512812227981
VTS,0–1mi,15,4,14.601981140076516
VTS,0–1mi,15,5,9.99022720866358
VTS,0–1mi,15,6,10.529948720175005
VTS,0–1mi,16,0,9.720382101840631
VTS,0–1mi,16,1,10.614552761061113
VTS,0–1mi,16,2,10.678366115936493
VTS,0–1mi,16,3,11.046061662670938
VTS,0–1mi,16,4,10.93668164643323
VTS,0–1mi,16,5,9.348578996396398
VTS,0–1mi,16,6,9.767180007600926
VTS,0–1mi,17,0,12.354924103590252
VTS,0–1mi,17,1,10.92505686698354
VTS,0–1mi,17,2,12.83871226976567
VTS,0–1mi,17,3,11.04862661504761
VTS,0–1mi,17,4,11.165777265036263
VTS,0–1mi,17,5,9.792153081081569
VTS,0–1mi,17,6,8.923924214036143
VTS,0–1mi,18,0,10.233234541096428
VTS,0–1mi,18,1,10.756596573954932
VTS,0–1mi,18,2,11.728604681739585
VTS,0–1mi,18,3,11.03746870210653
VTS,0–1mi,18,4,10.327410838568492
VTS,0–1mi,18,5,9.798090075327648
VTS,0–1mi,18,6,8.719154163702806
VTS,0–1mi,19,0,8.462676656026233
VTS,0–1mi,19,1,8.446245324218909
VTS,0–1mi,19,2,10.26479495803068
VTS,0–1mi,19,3,10.783518121316611
VTS,0–1mi,19,4,10.977377194425678
VTS,0–1mi,19,5,11.363321203720703
VTS,0–1mi,19,6,9.204938497476418
VTS,0–1mi,20,0,7.811081178952818
VTS,0–1mi,20,1,8.016724915151412
VTS,0–1mi,20,2,10.499706498896952
VTS,0–1mi,20,3,8.95648349266266
VTS,0–1mi,20,4,9.356007357027691
VTS,0–1mi,20,5,9.1375498945511
VTS,0–1mi,20,6,8.769071607808325
VTS,0–1mi,21,0,7.73473448215683
VTS,0–1mi,21,1,13.179098231188886
VTS,0–1mi,21,2,8.81252909252223
VTS,0–1mi,21,3,9.121843232086052
VTS,0–1mi,21,4,8.655074684178263
VTS,0–1mi,21,5,9.172791003350676
VTS,0–1mi,21,6,7.370139820551182
VTS,0–1mi,22,0,7.864647970524359
VTS,0–1mi,22,1,9.755272798302935
VTS,0–1mi,22,2,8.508989179055108
VTS,0–1mi,22,3,8.375746907419499
VTS,0–1mi,22,4,9.152032804191007
VTS,0–1mi,22,5,9.5828241905394
VTS,0–1mi,22,6,7.6261218410418845
VTS,0–1mi,23,0,8.182687077704804
VTS,0–1mi,23,1,7.384102985993755
VTS,0–1mi,23,2,9.425690975083867
VTS,0–1mi,23,3,8.42274567312375
VTS,0–1mi,23,4,8.908245507628644
VTS,0–1mi,23,5,9.361336424160182
VTS,0–1mi,23,6,6.915320263091717
VTS,1–3mi,0,0,4.085697536383252
VTS,1–3mi,0,1,4.1419221964576565
VTS,1–3mi,0,2,4.394564705823333
VTS,1–3mi,0,3,4.512583392587657
VTS,1–3mi,0,4,4.609014372166429
VTS,1–3mi,0,5,5.2677183570243145
VTS,1–3mi,0,6,5.357397671859472
VTS,1–3mi,1,0,3.9270991012984613
VTS,1–3mi,1,1,3.8670036357078352
VTS,1–3mi,1,2,4.010646266857365
VTS,1–3mi,1,3,4.166890898246757
VTS,1–3mi,1,4,4.396754230469133
VTS,1–3mi,1,5,4.829873962550397
VTS,1–3mi,1,6,4.959584404896816
VTS,1–3mi,2,0,3.8397411551347638
VTS,1–3mi,2,1,3.7266509338213227
VTS,1–3mi,2,2,3.9793644779594732
VTS,1–3mi,2,3,3.922452094200222
VTS,1–3mi,2,4,4.156552971102975
VTS,1–3mi,2,5,4.524345247884102
VTS,1–3mi,2,6,4.581851831931737
VTS,1–3mi,3,0,3.7887104038612347
VTS,1–3mi,3,1,3.847135722836191
VTS,1–3mi,3,2,3.8338096293799744
VTS,1–3mi,3,3,3.9181218564911298
VTS,1–3mi,3,4,4.011471846701823
VTS,1–3mi,3,5,4.299989219338466
VTS,1–3mi,3,6,4.369772615381479
VTS,1–3mi,4,0,3.5657650580280427
VTS,1–3mi,4,1,3.581577336199141
VTS,1–3mi,4,2,3.598135829724759
VTS,1–3mi,4,3,3.7100071814808646
VTS,1–3mi,4,4,3.73083252938572
VTS,1–3mi,4,5,4.017048446477502
VTS,1–3mi,4,6,4.048106350506963
VTS,1–3mi,5,0,3.534653495607268
VTS,1–3mi,5,1,3.6284186717382116
VTS,1–3mi,5,2,3.4649125867752724
VTS,1–3mi,5,3,3.5314368209002382
VTS,1–3mi,5,4,3.8075896891861896
VTS,1–3mi,5,5,3.5881867408410764
VTS,1–3mi,5,6,3.710807281397016
VTS,1–3mi,6,0,4.010633108473821
VTS,1–3mi,6,1,4.120905171182116
VTS,1–3mi,6,2,4.260150423668174
VTS,1–3mi,6,3,4.205307844976619
VTS,1–3mi,6,4,4.206470281264025
VTS,1–3mi,6,5,3.7628851317608474
VTS,1–3mi,6,6,3.584487765982552
VTS,1–3mi,7,0,5.720043527346635
VTS,1–3mi,7,1,5.3285246698978375
VTS,1–3mi,7,2,5.271451668801502
VTS,1–3mi,7,3,5.44648742947346
VTS,1–3mi,7,4,5.3201758791281275
VTS,1–3mi,7,5,3.981920973730824
VTS,1–3mi,7,6,4.054243795840915
VTS,1–3mi,8,0,6.929278325514986
VTS,1–3mi,8,1,7.142661073139813
VTS,1–3mi,8,2,7.065619353800295
VTS,1–3mi,8,3,7.474178460729301
VTS,1–3mi,8,4,6.957425566293751
VTS,1–3mi,8,5,4.450425700917116
VTS,1–3mi,8,6,4.075128534465443
VTS,1–3mi,9,0,7.5036288349422104
VTS,1–3mi,9,1,7.8785987881496045
VTS,1–3mi,9,2,7.859524542466645
VTS,1–3mi,9,3,8.592837019196459
VTS,1–3mi,9,4,7.912962103680386
VTS,1–3mi,9,5,4.965647544165902
VTS,1–3mi,9,6,4.643156276400689
VTS,1–3mi,10,0,7.434981835857358
VTS,1–3mi,10,1,7.7964098022166874
VTS,1–3mi,10,2,7.558381327093886
VTS,1–3mi,10,3,8.453890069328127
VTS,1–3mi,10,4,7.608017483525739
VTS,1–3mi,10,5,5.245702164182045
VTS,1–3mi,10,6,4.947414779664359
VTS,1–3mi,11,0,7.799958399365895
VTS,1–3mi,11,1,8.091798420914385
VTS,1–3mi,11,2,8.332028215416333
VTS,1–3mi,11,3,8.955590080544978
VTS,1–3mi,11,4,7.692435978618082
VTS,1–3mi,11,5,5.694031654666624
VTS,1–3mi,11,6,5.666889735832712
VTS,1–3mi,12,0,8.084014816953577
VTS,1–3mi,12,1,9.641281333764006
VTS,1–3mi,12,2,8.752687853071654
VTS,1–3mi,12,3,8.382104155919562
VTS,1–3mi,12,4,8.50510826744653
VTS,1–3mi,12,5,5.956151495281478
VTS,1–3mi,12,6,6.04896652267428
VTS,1–3mi,13,0,7.360604052914732
VTS,1–3mi,13,1,8.19801101240048
VTS,1–3mi,13,2,8.573305583525517
VTS,1–3mi,13,3,8.311610520621779
VTS,1–3mi,13,4,7.7440326003215025
VTS,1–3mi,13,5,6.476187612607954
VTS,1–3mi,13,6,6.08846024509074
VTS,1–3mi,14,0,7.30311987463545
VTS,1–3mi,14,1,8.082213892577114
VTS,1–3mi,14,2,8.222714555421852
VTS,1–3mi,14,3,8.265340885895176
VTS,1–3mi,14,4,7.829571959960026
VTS,1–3mi,14,5,6.2180754746137525
VTS,1–3mi,14,6,6.558678440527048
VTS,1–3mi,15,0,7.2135425371851
VTS,1–3mi,15,1,7.99830687442223
VTS,1–3mi,15,2,8.128698237010788
VTS,1–3mi,15,3,7.92765421575952
VTS,1–3mi,15,4,7.806550625947116
VTS,1–3mi,15,5,6.109135863666308
VTS,1–3mi,15,6,6.7500631395295025
VTS,1–3mi,16,0,7.419954408901513
VTS,1–3mi,16,1,7.269998507814373
VTS,1–3mi,16,2,7.633894192978061
VTS,1–3mi,16,3,7.603519911088032
VTS,1–3mi,16,4,7.326298527184122
VTS,1–3mi,16,5,5.735859153283226
VTS,1–3mi,16,6,6.2576713705801215
VTS,1–3mi,17,0,6.974468893934176
VTS,1–3mi,17,1,8.027826541004858
VTS,1–3mi,17,2,7.843593563822455
VTS,1–3mi,17,3,7.520364030794747
VTS,1–3mi,17,4,7.465372242163408
VTS,1–3mi,17,5,5.692786924612436
VTS,1–3mi,17,6,6.141180400646931
VTS,1–3mi,18,0,6.511856357694026
VTS,1–3mi,18,1,7.111591002696229
VTS,1–3mi,18,2,7.491146384090056
VTS,1–3mi,18,3,7.181693158759928
VTS,1–3mi,18,4,6.996044744554809
VTS,1–3mi,18,5,6.23500490701715
VTS,1–3mi,18,6,6.248846565556691
VTS,1–3mi,19,0,5.82399802318503
VTS,1–3mi,19,1,6.020162471208824
VTS,1–3mi,19,2,6.885444093640774
VTS,1–3mi,19,3,6.91064193395226
VTS,1–3mi,19,4,6.2021499414192505
VTS,1–3mi,19,5,6.129900096396529
VTS,1–3mi,19,6,5.442556681974582
VTS,1–3mi,20,0,5.107502042597057
VTS,1–3mi,20,1,5.5604036599987685
VTS,1–3mi,20,2,5.582179601357288
VTS,1–3mi,20,3,6.140090766945305
VTS,1–3mi,20,4,5.8297810849349405
VTS,1–3mi,20,5,5.696566843545203
VTS,1–3mi,20,6,4.949353447601177
VTS,1–3mi,21,0,4.808466113967064
VTS,1–3mi,21,1,5.075429974918275
VTS,1–3mi,21,2,5.323984255552559
VTS,1–3mi,21,3,5.8567489974679345
VTS,1–3mi,21,4,5.478159317551895
VTS,1–3mi,21,5,5.638620663584187
VTS,1–3mi,21,6,4.709124868808162
VTS,1–3mi,22,0,4.6326378162423545
VTS,1–3mi,22,1,4.769679000871498
VTS,1–3mi,22,2,5.063588168654834
VTS,1–3mi,22,3,5.414949143135522
VTS,1–3mi,22,4,5.461876434262226
VTS,1–3mi,22,5,5.557375437377597
VTS,1–3mi,22,6,4.518337012320249
VTS,1–3mi,23,0,4.439737757653835
VTS,1–3mi,23,1,4.643608219299162
VTS,1–3mi,23,2,4.721389406872812
VTS,1–3mi,23,3,4.863281615777069
VTS,1–3mi,23,4,5.416208452534187
VTS,1–3mi,23,5,5.781428987333177
VTS,1–3mi,23,6,4.578685035663859
VTS,3–6mi,0,0,3.244263666548694
VTS,3–6mi,0,1,3.3455153242426046
VTS,3–6mi,0,2,3.7774441992505583
VTS,3–6mi,0,3,3.7679149738460254
VTS,3–6mi,0,4,3.844923794994297
VTS,3–6mi,0,5,4.13856617622065
VTS,3–6mi,0,6,4.353027002997207
VTS,3–6mi,1,0,3.1107059377939428
VTS,3–6mi,1,1,3.1757325783233266
VTS,3–6mi,1,2,3.3031452938518653
VTS,3–6mi,1,3,3.3133868922614753
VTS,3–6mi,1,4,3.4038940074978803
VTS,3–6mi,1,5,3.7682085440167796
VTS,3–6mi,1,6,3.8231452232523457
VTS,3–6mi,2,0,3.074482399009489
VTS,3–6mi,2,1,3.120940342994928
VTS,3–6mi,2,2,3.0961919189398137
VTS,3–6mi,2,3,3.147250922406293
VTS,3–6mi,2,4,3.223651913368209
VTS,3–6mi,2,5,3.505663571927431
VTS,3–6mi,2,6,3.543592987652468
VTS,3–6mi,3,0,2.9684029799393166
VTS,3–6mi,3,1,3.068221164033094
VTS,3–6mi,3,2,3.0985818498669744
VTS,3–6mi,3,3,3.1046925853421987
VTS,3–6mi,3,4,3.1277280402427206
VTS,3–6mi,3,5,3.3376576150080033
VTS,3–6mi,3,6,3.4403959888622047
VTS,3–6mi,4,0,2.9169587277886264
VTS,3–6mi,4,1,2.9642574859283184
VTS,3–6mi,4,2,2.8991614296267545
VTS,3–6mi,4,3,2.98542045261215
VTS,3–6mi,4,4,3.03861304264076
VTS,3–6mi,4,5,3.186325753293262
VTS,3–6mi,4,6,3.1971228872286024
VTS,3–6mi,5,0,2.9015632781656016
VTS,3–6mi,5,1,2.8952755964518047
VTS,3–6mi,5,2,2.8637759171515835
VTS,3–6mi,5,3,2.943733442557568
VTS,3–6mi,5,4,3.005379958234881
VTS,3–6mi,5,5,2.9780262511995925
VTS,3–6mi,5,6,2.9568404215049164
VTS,3–6mi,6,0,3.2378727043898565
VTS,3–6mi,6,1,3.340760992963452
VTS,3–6mi,6,2,3.429599619598074
VTS,3–6mi,6,3,3.2565484404446132
VTS,3–6mi,6,4,3.3036620850986838
VTS,3–6mi,6,5,3.0019818158640814
VTS,3–6mi,6,6,2.903795339109079
VTS,3–6mi,7,0,4.141571878835196
VTS,3–6mi,7,1,5.246021870740968
VTS,3–6mi,7,2,4.210452842571227
VTS,3–6mi,7,3,4.220884920492001
VTS,3–6mi,7,4,4.115791665951038
VTS,3–6mi,7,5,3.2545206707700984
VTS,3–6mi,7,6,3.0402263486419905
VTS,3–6mi,8,0,5.2017879394607585
VTS,3–6mi,8,1,5.21265552240176
VTS,3–6mi,8,2,5.413213227471837
VTS,3–6mi,8,3,5.4219232313143655
VTS,3–6mi,8,4,5.143414186210886
VTS,3–6mi,8,5,3.6149272857682693
VTS,3–6mi,8,6,3.2596741083667773
VTS,3–6mi,9,0,5.309103205132593
VTS,3–6mi,9,1,5.633385779268829
VTS,3–6mi,9,2,5.69475625859346
VTS,3–6mi,9,3,5.854705639471503
VTS,3–6mi,9,4,5.613403811858303
VTS,3–6mi,9,5,3.9184319738368556
VTS,3–6mi,9,6,3.4833573063998733
VTS,3–6mi,10,0,5.405452212643925
VTS,3–6mi,10,1,5.69418914944299
VTS,3–6mi,10,2,5.7008384311037865
VTS,3–6mi,10,3,6.053727193839406
VTS,3–6mi,10,4,5.570476246983769
VTS,3–6mi,10,5,4.337665377588201
VTS,3–6mi,10,6,3.8801137321020014
VTS,3–6mi,11,0,5.6937024850091085
VTS,3–6mi,11,1,5.791635022757479
VTS,3–6mi,11,2,6.202007777801976
VTS,3–6mi,11,3,6.240381357579323
VTS,3–6mi,11,4,5.647946559167955
VTS,3–6mi,11,5,4.531590773587545
VTS,3–6mi,11,6,4.26053514615017
VTS,3–6mi,12,0,5.602062942332599
VTS,3–6mi,12,1,5.815339846709867
VTS,3–6mi,12,2,6.563789455254681
VTS,3–6mi,12,3,6.034474276888812
VTS,3–6mi,12,4,5.832697139206065
VTS,3–6mi,12,5,4.924002580454921
VTS,3–6mi,12,6,4.619969713530297
VTS,3–6mi,13,0,5.343937798076755
VTS,3–6mi,13,1,5.716428532285698
VTS,3–6mi,13,2,6.126628992178463
VTS,3–6mi,13,3,5.955019164084847
VTS,3–6mi,13,4,5.827093788647934
VTS,3–6mi,13,5,4.974037151247424
VTS,3–6mi,13,6,4.803192364591527
VTS,3–6mi,14,0,5.430472260499287
VTS,3–6mi,14,1,6.024302513665586
VTS,3–6mi,14,2,6.190746770346778
VTS,3–6mi,14,3,6.091181098858221
VTS,3–6mi,14,4,6.119597447790243
VTS,3–6mi,14,5,4.871042336355046
VTS,3–6mi,14,6,5.134437222174873
VTS,3–6mi,15,0,5.573424493992957
VTS,3–6mi,15,1,6.012360970515134
VTS,3–6mi,15,2,6.170763357472177
VTS,3–6mi,15,3,6.2230915117966585
VTS,3–6mi,15,4,6.465872398230122
VTS,3–6mi,15,5,5.007858338627479
VTS,3–6mi,15,6,5.4337246758107725
VTS,3–6mi,16,0,5.640757734247887
VTS,3–6mi,16,1,5.740857281841901
VTS,3–6mi,16,2,6.053530343182298
VTS,3–6mi,16,3,5.99027371089628
VTS,3–6mi,16,4,6.430892060556242
VTS,3–6mi,16,5,4.710734365312828
VTS,3–6mi,16,6,5.189939171989628
VTS,3–6mi,17,0,5.419995489340993
VTS,3–6mi,17,1,5.995021011787133
VTS,3–6mi,17,2,6.210669518377379
VTS,3–6mi,17,3,5.865734556690773
VTS,3–6mi,17,4,6.319401578154073
VTS,3–6mi,17,5,4.910090064321137
VTS,3–6mi,17,6,4.94175184245984
VTS,3–6mi,18,0,5.2595534587445165
VTS,3–6mi,18,1,5.568213176971049
VTS,3–6mi,18,2,6.005240924330972
VTS,3–6mi,18,3,5.562238589734109
VTS,3–6mi,18,4,5.540223490584113
VTS,3–6mi,18,5,4.66914683090025
VTS,3–6mi,18,6,4.596772879664362
VTS,3–6mi,19,0,4.414543117218719
VTS,3–6mi,19,1,4.584426704126982
VTS,3–6mi,19,2,5.134318835146282
VTS,3–6mi,19,3,5.197213040482768
VTS,3–6mi,19,4,4.90563809580711
VTS,3–6mi,19,5,4.61035238511323
VTS,3–6mi,19,6,4.371864518020135
VTS,3–6mi,20,0,4.1314540367498385
VTS,3–6mi,20,1,4.068907024878858
VTS,3–6mi,20,2,4.501234687572084
VTS,3–6mi,20,3,4.843100647426272
VTS,3–6mi,20,4,4.507145263275813
VTS,3–6mi,20,5,4.319064692859879
VTS,3–6mi,20,6,3.999962249115212
VTS,3–6mi,21,0,3.8678957211720517
VTS,3–6mi,21,1,4.0430057109908315
VTS,3–6mi,21,2,4.277384810347622
VTS,3–6mi,21,3,4.742495723375371
VTS,3–6mi,21,4,4.359648287053335
VTS,3–6mi,21,5,4.522628409021089
VTS,3–6mi,21,6,3.822550051158869
VTS,3–6mi,22,0,3.730547634737627
VTS,3–6mi,22,1,3.9523924852018877
VTS,3–6mi,22,2,4.142241073931877
VTS,3–6mi,22,3,4.310037152124743
VTS,3–6mi,22,4,4.3450970927177375
VTS,3–6mi,22,5,4.297287227897003
VTS,3–6mi,22,6,3.6776014723556205
VTS,3–6mi,23,0,3.614609478399411
VTS,3–6mi,23,1,3.9276263328760024
VTS,3–6mi,23,2,3.9522497192330417
VTS,3–6mi,23,3,4.083920878918
VTS,3–6mi,23,4,4.22909609939951
VTS,3–6mi,23,5,4.4665052581704225
VTS,3–6mi,23,6,3.4912125060612262
VTS,6–10mi,0,0,2.566729629859361
VTS,6–10mi,0,1,2.676491231222155
VTS,6–10mi,0,2,3.0011643225906175
VTS,6–10mi,0,3,3.121374788155664
VTS,6–10mi,0,4,3.0752704460971163
VTS,6–10mi,0,5,3.361293603616439
VTS,6–10mi,0,6,3.4772474253563
VTS,6–10mi,1,0,2.5311807777525326
VTS,6–10mi,1,1,2.571490062349149
VTS,6–10mi,1,2,2.7465604072004153
VTS,6–10mi,1,3,2.847824060181442
VTS,6–10mi,1,4,2.615946558637584
VTS,6–10mi,1,5,3.105555431446299
VTS,6–10mi,1,6,3.1499345313652536
VTS,6–10mi,2,0,2.5870265226062097
VTS,6–10mi,2,1,2.646758777221555
VTS,6–10mi,2,2,2.6165622714217953
VTS,6–10mi,2,3,2.662554079041096
VTS,6–10mi,2,4,2.5721649309229053
VTS,6–10mi,2,5,2.90216610504087
VTS,6–10mi,2,6,2.896775225063819
VTS,6–10mi,3,0,2.505525785193017
VTS,6–10mi,3,1,2.5992630163772645
VTS,6–10mi,3,2,2.6182237650315665
VTS,6–10mi,3,3,2.683821173188565
VTS,6–10mi,3,4,2.6570390163013884
VTS,6–10mi,3,5,2.856246949152173
VTS,6–10mi,3,6,2.7956979555636203
VTS,6–10mi,4,0,2.199191337786115
VTS,6–10mi,4,1,2.4058972247121386
VTS,6–10mi,4,2,2.37728378770457
VTS,6–10mi,4,3,2.4167747498455543
VTS,6–10mi,4,4,2.4169137514659487
VTS,6–10mi,4,5,2.723198440838953
VTS,6–10mi,4,6,2.6076252826717883
VTS,6–10mi,5,0,2.1015091702461204
VTS,6–10mi,5,1,2.164493372766206
VTS,6–10mi,5,2,2.174578736930534
VTS,6–10mi,5,3,2.2176201417239536
VTS,6–10mi,5,4,2.2612986249731377
VTS,6–10mi,5,5,2.439470449402181
VTS,6–10mi,5,6,2.416192001009263
VTS,6–10mi,6,0,2.362453756911253
VTS,6–10mi,6,1,2.4025509066636985
VTS,6–10mi,6,2,2.3672819819681785
VTS,6–10mi,6,3,2.3531491649551617
VTS,6–10mi,6,4,2.361221562266437
VTS,6–10mi,6,5,2.3684891954197576
VTS,6–10mi,6,6,2.209431561676026
VTS,6–10mi,7,0,3.065783808819965
VTS,6–10mi,7,1,2.9654749620992313
VTS,6–10mi,7,2,2.959932587741882
VTS,6–10mi,7,3,2.9326879914434483
VTS,6–10mi,7,4,2.841465926893691
VTS,6–10mi,7,5,2.409154755594802
VTS,6–10mi,7,6,2.332578656778431
VTS,6–10mi,8,0,3.455537313181397
VTS,6–10mi,8,1,3.791505281230535
VTS,6–10mi,8,2,3.6352924438463483
VTS,6–10mi,8,3,3.438361156034317
VTS,6–10mi,8,4,3.2321553114387243
VTS,6–10mi,8,5,2.564302931386313
VTS,6–10mi,8,6,2.343380132648557
VTS,6–10mi,9,0,3.3902104738723846
VTS,6–10mi,9,1,3.649232259252474
VTS,6–10mi,9,2,3.4954409796348496
VTS,6–10mi,9,3,3.6204350397056326
VTS,6–10mi,9,4,3.372855403889044
VTS,6–10mi,9,5,2.6335066832497223
VTS,6–10mi,9,6,2.4085029161850593
VTS,6–10mi,10,0,3.3750616337550756
VTS,6–10mi,10,1,3.4945753292313775
VTS,6–10mi,10,2,3.6992394709743337
VTS,6–10mi,10,3,3.5025079085825914
VTS,6–10mi,10,4,3.241538539096698
VTS,6–10mi,10,5,2.8254294740773496
VTS,6–10mi,10,6,2.5877090405344054
VTS,6–10mi,11,0,3.4074781777221843
VTS,6–10mi,11,1,3.567762160912304
VTS,6–10mi,11,2,3.8276759894037817
VTS,6–10mi,11,3,3.637718549016708
VTS,6–10mi,11,4,3.3325538334966014
VTS,6–10mi,11,5,3.0710247321599526
VTS,6–10mi,11,6,2.711737198803732
VTS,6–10mi,12,0,3.5104083360762095
VTS,6–10mi,12,1,3.4748300297211028
VTS,6–10mi,12,2,3.716288901260521
VTS,6–10mi,12,3,3.503145452049349
VTS,6–10mi,12,4,3.4197494502473362
VTS,6–10mi,12,5,3.270164800675771
VTS,6–10mi,12,6,2.913550351400115
VTS,6–10mi,13,0,3.2745977023421133
VTS,6–10mi,13,1,3.524034136206919
VTS,6–10mi,13,2,3.5507865918104584
VTS,6–10mi,13,3,3.4892597071917386
VTS,6–10mi,13,4,3.617856443776652
VTS,6–10mi,13,5,3.286939291194727
VTS,6–10mi,13,6,2.976430171257121
VTS,6–10mi,14,0,3.3860118116050284
VTS,6–10mi,14,1,3.6177455490227133
VTS,6–10mi,14,2,3.618056995397046
VTS,6–10mi,14,3,3.6636380625009606
VTS,6–10mi,14,4,3.953479213651482
VTS,6–10mi,14,5,3.3678472009995604
VTS,6–10mi,14,6,3.1221656232419157
VTS,6–10mi,15,0,3.680548566132754
VTS,6–10mi,15,1,3.755269098732364
VTS,6–10mi,15,2,3.9527549265899404
VTS,6–10mi,15,3,3.7374343304742084
VTS,6–10mi,15,4,4.273212535573098
VTS,6–10mi,15,5,3.344313143174541
VTS,6–10mi,15,6,3.3390100002556107
VTS,6–10mi,16,0,4.064393641081262
VTS,6–10mi,16,1,3.919565839202377
VTS,6–10mi,16,2,3.814088071717418
VTS,6–10mi,16,3,3.9411970548464397
VTS,6–10mi,16,4,4.385478668402022
VTS,6–10mi,16,5,3.280225692713382
VTS,6–10mi,16,6,3.3013695397276037
VTS,6–10mi,17,0,3.9836677734811783
VTS,6–10mi,17,1,3.8931865764650686
VTS,6–10mi,17,2,3.998432322146813
VTS,6–10mi,17,3,3.688310448326001
VTS,6–10mi,17,4,4.398560809643111
VTS,6–10mi,17,5,3.2601341323076936
VTS,6–10mi,17,6,3.1560592306723327
VTS,6–10mi,18,0,3.413475735121914
VTS,6–10mi,18,1,3.5495369083596855
VTS,6–10mi,18,2,3.696767624729662
VTS,6–10mi,18,3,3.378050885227109
VTS,6–10mi,18,4,3.688607265217224
VTS,6–10mi,18,5,3.3132598661697203
VTS,6–10mi,18,6,3.2716655167314377
VTS,6–10mi,19,0,2.9656625113265207
VTS,6–10mi,19,1,3.040097448810513
VTS,6–10mi,19,2,3.1245917325525925
VTS,6–10mi,19,3,3.38091462304832
VTS,6–10mi,19,4,3.1460258412300743
VTS,6–10mi,19,5,3.1523563463420805
VTS,6–10mi,19,6,2.988135008559669
VTS,6–10mi,20,0,2.7766295803733665
VTS,6–10mi,20,1,2.8509631432537637
VTS,6–10mi,20,2,3.00284649706895
VTS,6–10mi,20,3,3.465240022639982
VTS,6–10mi,20,4,3.029154894110825
VTS,6–10mi,20,5,3.062423955024502
VTS,6–10mi,20,6,2.917933904167754
VTS,6–10mi,21,0,2.7604870298706046
VTS,6–10mi,21,1,2.9165860096913017
VTS,6–10mi,21,2,3.0524615440975014
VTS,6–10mi,21,3,3.5391219107776566
VTS,6–10mi,21,4,3.063326604330391
VTS,6–10mi,21,5,3.5067912300572623
VTS,6–10mi,21,6,2.897681782780371
VTS,6–10mi,22,0,2.790586598710827
VTS,6–10mi,22,1,2.9623751358414974
VTS,6–10mi,22,2,3.160203120897429
VTS,6–10mi,22,3,3.3886441133437146
VTS,6–10mi,22,4,3.0990999107637918
VTS,6–10mi,22,5,3.2600008327924783
VTS,6–10mi,22,6,2.839515629839168
VTS,6–10mi,23,0,2.817230196299803
VTS,6–10mi,23,1,3.2481104776256755
VTS,6–10mi,23,2,3.3103700172574646
VTS,6–10mi,23,3,3.167027691240457
VTS,6–10mi,23,4,3.3375977850908303
VTS,6–10mi,23,5,3.4056029788406765
VTS,6–10mi,23,6,2.735503510846718
VTS,10mi+,0,0,1.7827591667536835
VTS,10mi+,0,1,1.969545536568907
VTS,10mi+,0,2,2.1072932222938654
VTS,10mi+,0,3,2.2237513820523116
VTS,10mi+,0,4,2.1823100983938257
VTS,10mi+,0,5,2.502584303460669
VTS,10mi+,0,6,2.4912527516324956
VTS,10mi+,1,0,1.7809982213303304
VTS,10mi+,1,1,1.8424278107056722
VTS,10mi+,1,2,1.9225293839636717
VTS,10mi+,1,3,1.995726085381386
VTS,10mi+,1,4,1.9872894514468005
VTS,10mi+,1,5,2.347422316136682
VTS,10mi+,1,6,2.2948925994564986
VTS,10mi+,2,0,1.9753971998542939
VTS,10mi+,2,1,1.8959496085041587
VTS,10mi+,2,2,2.083507588375932
VTS,10mi+,2,3,1.9695883156026617
VTS,10mi+,2,4,1.9310602608475087
VTS,10mi+,2,5,2.216447122930149
VTS,10mi+,2,6,2.21997715508254
VTS,10mi+,3,0,1.9064121581057543
VTS,10mi+,3,1,2.0166506468603838
VTS,10mi+,3,2,1.9813836026217178
VTS,10mi+,3,3,1.9601741677855742
VTS,10mi+,3,4,1.955190143428302
VTS,10mi+,3,5,2.1945651861962387
VTS,10mi+,3,6,2.0641108081888633
VTS,10mi+,4,0,1.661389457743552
VTS,10mi+,4,1,1.7564831541484731
VTS,10mi+,4,2,1.7179431645493835
VTS,10mi+,4,3,1.7916043794079355
VTS,10mi+,4,4,1.799260726423221
VTS,10mi+,4,5,2.084506978328393
VTS,10mi+,4,6,1.9762078038972133
VTS,10mi+,5,0,1.6703657752044427
VTS,10mi+,5,1,1.6844355797813018
VTS,10mi+,5,2,1.6472023194821204
VTS,10mi+,5,3,1.6389782749427066
VTS,10mi+,5,4,1.7314650144419819
VTS,10mi+,5,5,1.8005039369179383
VTS,10mi+,5,6,1.725354149095179
VTS,10mi+,6,0,2.0998674448374026
VTS,10mi+,6,1,2.101617411115918
VTS,10mi+,6,2,2.019424072541708
VTS,10mi+,6,3,2.033734137892687
VTS,10mi+,6,4,1.98266096959158
VTS,10mi+,6,5,1.7425077825483941
VTS,10mi+,6,6,1.6219884327371392
VTS,10mi+,7,0,2.817484619458988
VTS,10mi+,7,1,2.8070268079416194
VTS,10mi+,7,2,2.8354791569527533
VTS,10mi+,7,3,2.7081678272368563
VTS,10mi+,7,4,2.5728998650098367
VTS,10mi+,7,5,1.86899244796089
VTS,10mi+,7,6,1.6428450453597456
VTS,10mi+,8,0,3.016169709468043
VTS,10mi+,8,1,3.024976828635678
VTS,10mi+,8,2,3.0258195138904234
VTS,10mi+,8,3,2.918148067115323
VTS,10mi+,8,4,2.7551624488904953
VTS,10mi+,8,5,1.999831177465305
VTS,10mi+,8,6,1.730448322343505
VTS,10mi+,9,0,2.8806015118070674
VTS,10mi+,9,1,2.8754099206267045
VTS,10mi+,9,2,2.879259899820555
VTS,10mi+,9,3,2.918679438091523
VTS,10mi+,9,4,2.7694995758103946
VTS,10mi+,9,5,2.1232694112664663
VTS,10mi+,9,6,1.8909536227653683
VTS,10mi+,10,0,2.8194219811920473
VTS,10mi+,10,1,2.859276307270691
VTS,10mi+,10,2,3.0082491079297173
VTS,10mi+,10,3,2.816780219108793
VTS,10mi+,10,4,2.7359488402612464
VTS,10mi+,10,5,2.265727004330008
VTS,10mi+,10,6,2.0449192946787207
VTS,10mi+,11,0,2.954527592933342
VTS,10mi+,11,1,2.938035075307593
VTS,10mi+,11,2,3.0381346402003797
VTS,10mi+,11,3,2.6838162664078573
VTS,10mi+,11,4,2.7564505749861508
VTS,10mi+,11,5,2.3918383008998045
VTS,10mi+,11,6,2.176790638048707
VTS,10mi+,12,0,2.919457321961323
VTS,10mi+,12,1,2.7724268521880036
VTS,10mi+,12,2,2.9485155910559264
VTS,10mi+,12,3,2.6818952430855596
VTS,10mi+,12,4,2.8097992711917406
VTS,10mi+,12,5,2.546268198300418
VTS,10mi+,12,6,2.336563917646785
VTS,10mi+,13,0,3.008268728551663
VTS,10mi+,13,1,2.680359060619537
VTS,10mi+,13,2,2.9813844222639942
VTS,10mi+,13,3,2.793548391619082
VTS,10mi+,13,4,3.039694105281462
VTS,10mi+,13,5,2.5926915512855997
VTS,10mi+,13,6,2.4784026615227677
VTS,10mi+,14,0,2.9825122653507914
VTS,10mi+,14,1,2.9215318358062965
VTS,10mi+,14,2,3.0711439035767767
VTS,10mi+,14,3,2.9039607733499992
VTS,10mi+,14,4,3.4309315723135554
VTS,10mi+,14,5,2.735774657569997
VTS,10mi+,14,6,2.732421916129847
VTS,10mi+,15,0,3.2973973778484447
VTS,10mi+,15,1,3.262072487003491
VTS,10mi+,15,2,3.286578391853253
VTS,10mi+,15,3,3.2093003341458326
VTS,10mi+,15,4,3.7033381880935856
VTS,10mi+,15,5,2.7760507873032623
VTS,10mi+,15,6,2.9563955515392135
VTS,10mi+,16,0,3.5278470557748496
VTS,10mi+,16,1,3.4252205242353817
VTS,10mi+,16,2,3.5182204129653374
VTS,10mi+,16,3,3.324329228889162
VTS,10mi+,16,4,3.6827488515723514
VTS,10mi+,16,5,2.8067955359602537
VTS,10mi+,16,6,3.0488747537888563
VTS,10mi+,17,0,3.3409979080757677
VTS,10mi+,17,1,3.320943245138152
VTS,10mi+,17,2,3.447001683497339
VTS,10mi+,17,3,3.162026815618107
VTS,10mi+,17,4,3.5098158753454327
VTS,10mi+,17,5,2.7377806642559976
VTS,10mi+,17,6,2.6854820717791883
VTS,10mi+,18,0,2.8153576524616035
VTS,10mi+,18,1,2.7667929911959614
VTS,10mi+,18,2,2.960520385603735
VTS,10mi+,18,3,2.680742286407856
VTS,10mi+,18,4,2.9027361042543856
VTS,10mi+,18,5,2.6567622697200526
VTS,10mi+,18,6,2.5061269818879253
VTS,10mi+,19,0,2.335673905231839
VTS,10mi+,19,1,2.240048429582678
VTS,10mi+,19,2,2.431361743061967
VTS,10mi+,19,3,2.3799031001321036
VTS,10mi+,19,4,2.5471541136645026
VTS,10mi+,19,5,2.4595076270602108
VTS,10mi+,19,6,2.2941121987648145
VTS,10mi+,20,0,2.239259394271302
VTS,10mi+,20,1,2.039945226212785
VTS,10mi+,20,2,2.1714349825618706
VTS,10mi+,20,3,2.368952573697698
VTS,10mi+,20,4,2.3924796045700845
VTS,10mi+,20,5,2.1788912382798045
VTS,10mi+,20,6,2.3316063055166687
VTS,10mi+,21,0,2.015369207419732
VTS,10mi+,21,1,2.0613712947107112
VTS,10mi+,21,2,2.1741761170557083
VTS,10mi+,21,3,2.556381774537641
VTS,10mi+,21,4,2.2201050217999074
VTS,10mi+,21,5,2.3133179993849375
VTS,10mi+,21,6,2.341949751334925
VTS,10mi+,22,0,1.990776396106351
VTS,10mi+,22,1,2.118028198646483
VTS,10mi+,22,2,2.296690127462647
VTS,10mi+,22,3,2.367428133918548
VTS,10mi+,22,4,2.282201816323242
VTS,10mi+,22,5,2.426059684978874
VTS,10mi+,22,6,2.2421939522881518
VTS,10mi+,23,0,2.0090681663242327
VTS,10mi+,23,1,2.19250162227393
VTS,10mi+,23,2,2.2552536577777427
VTS,10mi+,23,3,2.3059675339841608
VTS,10mi+,23,4,2.3681772697928922
VTS,10mi+,23,5,2.5928393333343456
VTS,10mi+,23,6,1.9481521871469853
